Date,Entertainment,Fast_Food,Tech,Transportation,Energy,S&P_500
2005-07-05,-0.01010266076468443,-0.00013986083548990247,0.03323345134758041,,0.019913624494086398,0.008832632317790745
2005-07-06,0.013146267936530759,-0.0071157264802349405,-0.002104434478425878,,-0.011131484898075899,-0.008340358766109057
2005-07-07,0.002342516850462181,0.008494483336149654,-0.002200964057792005,,0.006952530945056328,0.0024520510273422502
2005-07-08,0.002590435383887747,0.016973966378119248,0.022154233644919065,,0.0031335365174329083,0.011679055566465202
2005-07-11,0.01277324994217563,0.006723632996118749,0.021742361065600607,,0.0033476936852280224,0.006254811732634646
2005-07-12,-0.012902096877741175,0.007085632850605316,0.018390032040889695,,0.0065839705909698535,0.0022715506005615005
2005-07-13,-0.0012936520078738782,0.004840802033341605,0.005288331266325218,,-0.0024937506757906386,0.0008837091494260374
2005-07-14,0.008555498063986979,-0.015230693244212185,0.01896304586151166,,-0.009093632492585702,0.0026240391362624127
2005-07-15,0.0022299101823720882,0.03851375935306243,-0.0005286860392953025,,-0.0005113821763103373,0.001157801830666605
2005-07-18,0.002822558147992938,0.0013591815559532137,9.607588391539619e-05,,-0.00405250789014061,-0.005529707814430296
2005-07-19,0.010286520873340008,0.0058651602990469395,0.026519883640177374,,0.016247016758916825,0.006731446013329201
2005-07-20,0.01697540602232037,0.007675109248401139,-0.0004942036393839038,,0.0010238452868331753,0.004758592509955806
2005-07-21,-0.009059633133140163,-0.00567610227571133,-0.004746620151023787,,-0.01610402320510408,-0.00660614672274995
2005-07-22,-0.017436099063363655,0.0024389463916969258,-0.0024377141069351275,,0.016109442690445567,0.0054114082972474
2005-07-25,0.0089482863667722,-0.005257373564453843,-0.0006748954665229394,,0.009865545548060337,-0.003769230441940885
2005-07-26,0.07490452970590365,-0.005606023944719353,-0.004972116286590178,,-0.009825118218521231,0.001733077981854514
2005-07-27,0.007931927240512702,-0.012178958012554435,0.13619380921553814,,0.006552586821530773,0.0045729269359882085
2005-07-28,-0.013936235116935054,0.005688420331637879,0.04015976646391942,,0.00809993688420879,0.005603159325149543
2005-07-29,-0.02038959297691804,0.01836569596272567,-0.011623980939101011,,-0.010996005475120937,-0.00767047021589129
2005-08-01,0.029146441394789748,-0.003716614139012295,-0.003092789207576133,,0.008421263163360867,0.0009479345185350319
2005-08-02,0.0030310426290920994,0.006949842913328168,0.03386339270303756,,0.017436764106623752,0.007099218605715496
2005-08-03,0.038465483532359006,-0.004955513310681815,-0.006269762523756859,,0.011023218105150228,0.0007395138322054962
2005-08-04,-0.0015707916966807825,-0.008138931800385892,-0.012794122687962442,,-0.0045693884564250945,-0.007373299992705418
2005-08-05,0.013775089460733452,-0.005842061128223236,-0.0028518438023702724,,-0.005572593878623598,-0.007638358323871608
2005-08-08,0.013379694799032386,0.014191521148635235,0.005549821123534619,,0.014063512120078548,-0.0026826364089062027
2005-08-09,-0.011099927933036526,0.007783895108832491,0.006581999076458222,,0.005308927387644932,0.006744990284814678
2005-08-10,-0.02215797208138791,0.005113394785570535,-0.02367174888357075,,0.016899909547670563,-0.0018272182357014222
2005-08-11,0.004815585686654545,0.04214789442924569,0.009734633775365925,,0.003377639757940521,0.007061949245771748
2005-08-12,0.030659863296006205,-0.027907542508096992,-0.018623805613945613,,-0.0016684909876670943,-0.005994493172678084
2005-08-15,0.0009508076953789588,0.011715129203970177,0.017572495442811226,,-0.005707002206763285,0.0028283555842611996
2005-08-16,0.0014991266697213792,-0.010470686931403218,-0.01689963826653517,,-0.020613603296720275,-0.01177598073895536
2005-08-17,-0.010223510205608513,0.009533089999523875,-0.0018221783078265562,,-0.013603065189521826,0.0007381242633648366
2005-08-18,-0.01895451685292085,-0.011415685527914136,-0.008959421718071188,,-0.004184841471994051,-0.0009997793162725976
2005-08-19,0.0009475728336842374,-0.0036446358603481094,-0.0009220181104893857,,0.012019455105018726,0.0005659803737392277
2005-08-22,-0.003296449615798848,-0.0056647418109998975,0.0014603410641821273,,0.004809026171289393,0.0016561474415583977
2005-08-23,-0.008906183746983553,-0.0037082998106117418,-0.007001550497635891,,-0.005152226462406166,-0.003388649468067495
2005-08-24,-0.005966489263817238,-0.01342853495210805,-0.02099532647149727,,-0.00016869942085971626,-0.006570356379875575
2005-08-25,-0.003814331197346638,0.006625944920129618,-0.0005468909570733447,,3.655149775035853e-05,0.0022983237092162323
2005-08-26,0.0038016580043456908,-0.0008312194385602665,0.0009063431904102536,,-0.011821358162000051,-0.005996535348556931
2005-08-29,0.015897131122274925,-0.004298189326939919,0.009673572242017073,,0.00547350573154417,0.005958056473651885
2005-08-30,-0.0188582499283784,-0.02590365433023396,-0.005763930842780538,,0.009453194510488747,-0.0031923276995927674
2005-08-31,-0.0014046583188230468,0.0026737660823597797,0.005009362967461971,,0.02363336430159993,0.009864136789539124
2005-09-01,-0.00346880338791467,-0.01973847356204718,-0.018591790290908825,,0.02664711323441434,0.0010325156400312618
2005-09-02,-0.002088640288955518,0.004819324729710793,-0.007135037245122662,,-0.004817787572261417,-0.002922376893187084
2005-09-06,0.039557771587903745,0.022873406073688464,0.045648158129450715,,0.0007633654652015588,0.012618836201971906
2005-09-07,0.000440297029114187,0.043631106107313196,0.0021908817256439663,,-0.0036012036235177278,0.0024079736886564174
2005-09-08,0.04047539469698542,-0.0065508713731028964,-0.01481950607327995,,-0.0019743565643389003,-0.0037933461627815968
2005-09-09,0.01767189649653525,0.015648168175914415,7.102373224547011e-05,,0.01944050694435737,0.007964743943933206
2005-09-12,-0.004314774297669523,-0.007795847071206348,0.03173014957757862,,-0.012508428399795622,-0.0007409880863746832
2005-09-13,-0.02268517833365699,-0.01737025217563991,-0.0116710380233447,,-0.012072279062563739,-0.007545065921665484
2005-09-14,-0.0038265203451987133,-0.017955305322978968,-0.018278107915844378,,0.007367768259834942,-0.0032812842368473705
2005-09-15,-0.004230725493118042,0.020972634670392096,-0.007750511105601347,,-0.0028321412596203853,0.0004644433270217796
2005-09-16,0.016517027544888475,0.018738149570196556,0.002106025328949879,,0.013357958437713447,0.008291769259435089
2005-09-19,-0.02907839783617934,-0.018714872839973837,-0.0003384671355727366,,0.012012080137143468,-0.005565844413728538
2005-09-20,0.0083822358483065,-0.0177871188524853,-0.017856611657921226,,-0.004406792058924106,-0.007863441339177824
2005-09-21,-0.0077499382281882995,-0.03138078918321295,-0.014017203014807236,,0.004417545543933966,-0.009121141500479157
2005-09-22,0.018554235607414964,0.03258417209198179,0.016893291486712505,,-0.007202399427655191,0.003652325337670348
2005-09-23,0.013565487373684848,-0.004383339032666565,0.0028162586038138833,,-0.009611267064536072,0.0005516490326242796
2005-09-26,-0.008554988403722211,0.00773299725039786,0.023666843795441272,,0.018354391942133553,0.0002797404811898385
2005-09-27,-0.004004682461712853,-0.008014085231285922,-0.003971023287402384,,-0.002547478601326395,2.470266179210867e-05
2005-09-28,0.011928261862186595,-0.004739534519983813,0.003558743035511126,-0.010669462755157887,0.012095906854281867,0.0010117799665758653
2005-09-29,0.02394715928529031,0.008941914096983703,0.03037846022132581,0.012892161791088161,0.0074643130140503115,0.008866897527807671
2005-09-30,0.038770591621149465,0.007699970494630307,0.01049056127627571,0.014514319062998667,-0.014639593820053363,0.000920439229583403
2005-10-03,0.012126224707614082,-0.004048306052793067,0.013426569902940744,0.01189579550396418,-0.0075579783160727625,-0.0017171957595218945
2005-10-04,0.005942194955523633,-0.007627436822704899,-0.02255554658018331,-0.0025422708518252394,-0.023979451374225594,-0.009969822251208682
2005-10-05,-0.02784467089870455,0.0034115024628942107,-0.010203431918488963,-0.014427983847084238,-0.019771364291245645,-0.014887116594756167
2005-10-06,0.0006435051528741946,0.00997929944588926,-0.00986746062271697,0.01255105603080329,-0.019634342087013784,-0.004095674783362702
2005-10-07,0.029774657230489523,-0.008844833622715521,-0.00622144352325804,-0.001447005626233274,0.01369109016716979,0.0037012767340327546
2005-10-10,0.014325078895432743,-0.0048360889964168706,-0.0005672742164411057,-0.0039921095731786475,-0.006951363170345174,-0.007166208031122001
2005-10-11,-0.008505016592001702,0.0010902378605230514,-0.006864429209946132,-0.0012116057071772921,0.020441075241508223,-0.002071842729946871
2005-10-12,-0.02018429301100624,-0.007133812264304789,-0.018928043469651313,-0.028776198653859726,-0.015784589999618383,-0.00606812682900193
2005-10-13,0.004666367553061699,0.002797295258847459,0.004444572628516514,-0.004503695152800214,-0.01885888293728601,-0.0007133413595465932
2005-10-14,0.018666426917016928,0.009401354383683903,0.02402020673028844,0.011214110279219184,-0.0021089915999552207,0.008267887521960393
2005-10-17,0.01061684582154599,0.0032077980868351237,0.024363184636919447,-0.0057980098118601536,0.007194925111448624,0.0029749862685424233
2005-10-18,-0.036448549193575354,-0.00560720379735988,-0.007467825792062718,-0.010304045007437366,-0.04030885512311167,-0.010049543049197696
2005-10-19,0.014705215444933578,0.03196008068911809,0.026577234042256485,0.03684286080365434,0.020472702521053977,0.014955773420908258
2005-10-20,-0.05489973047020825,-0.020228408401474256,-0.01663963805714767,-0.00413191957314528,-0.041390365790599556,-0.015019703611780955
2005-10-21,0.007130584958460545,0.00361196668850569,0.019564960302588596,-0.0068861325262761,0.007832355727523834,0.0015197121056060858
2005-10-24,0.022941014295699964,0.012935328634973094,0.020285743329970542,0.01515802473898687,0.02680363244443438,0.016777049344208095
2005-10-25,0.00250844087132353,0.0025244199141837647,-0.014592367443614238,-0.008991857592562812,0.01019877593098393,-0.002367861569102958
2005-10-26,-0.044356287022601006,-0.02017462445534144,-0.11905762312239637,-0.02617375913831726,-0.011282656644765184,-0.004312462609885159
2005-10-27,0.013601476296205454,-0.025088483796671054,-0.016816259103685016,-0.01426224368650383,-0.01915134690853985,-0.010475230755595533
2005-10-28,0.00887518157916764,0.02341063952168144,-0.00026994400800542926,0.016160547473212557,0.015391399214615133,0.016549333583500303
2005-10-31,0.005208515219779331,-0.004297892561542612,0.023059794033419505,0.022647999249042913,0.003725673405930211,0.007176154521957301
2005-11-01,-0.019845644985901238,-0.0008048377161574308,0.011270475076325637,0.013070738645626216,0.007194855608606344,-0.003521097559766928
2005-11-02,0.035785782598397715,0.011436449662988011,0.011318003804843813,0.02330178853896493,0.014674522382683157,0.009977052697601962
2005-11-03,-0.03235902657233548,0.021009090811643344,0.01884274101080631,0.12113268452510975,0.020049554440153283,0.0042641604917701414
2005-11-04,0.019683839853205005,0.010998407973942284,-0.009198001205636401,-0.003805745627245643,-0.022232848747920083,0.00016400253438453305
2005-11-07,0.013840298370542382,-0.005979573798592049,0.007489129086882849,0.008099468312178148,-0.011277013681070569,0.00218830946715709
2005-11-08,0.014006617375456802,0.004479953939780347,0.011450872254034768,-0.014178451204498885,0.0035589886706637727,-0.0034511433266182223
2005-11-09,-0.009319036980182554,-0.021108397039509497,-0.011743236661328673,0.0008010698377967563,-0.010916028587922455,0.0016905264703728218
2005-11-10,0.02472182696523381,0.009535324949782951,0.018055593926745047,0.005039296432398432,-0.02036712238300871,0.008446267412632436
2005-11-11,0.016967359225324895,-0.0024361013163551946,0.01075417602178879,0.008708643500339414,0.0045471750406758495,0.0030545345786563427
2005-11-14,-0.006305084473738589,0.002981540678519259,-0.0023308580530296778,0.0045734321616374505,0.007102601717415386,-0.0007774725932012672
2005-11-15,-0.023727460773999058,-0.019331018446628784,0.039453562213949814,-0.029668075839380987,-0.0007396475467198975,-0.0038500194222557127
2005-11-16,-0.00983741890997424,-0.014886919355385943,0.01837672411296576,0.0038927077377275293,0.01014188842975889,0.0017900189212409767
2005-11-17,0.03315497304337876,0.014308465693867008,0.028276621408200222,0.01955553122696984,0.005958035878628757,0.009413575473187219
2005-11-18,-0.006968813380825025,0.009397366522488869,0.023202738967732884,0.0018815730511348699,0.013126650250521243,0.004401328040084085
2005-11-21,-0.0009602981472491045,0.0029191938806077387,0.0009428859785128909,0.021383786718820276,0.015917747127821017,0.005271260185483184
2005-11-22,0.008364095109168482,0.0009665911388799438,0.016627548862293045,0.016552969916246506,0.010649865664454364,0.0050842770107506485
2005-11-23,-0.0031057241777209758,0.015202146604413607,-0.00984114644697744,-0.0003641152414098554,-0.006672281199914034,0.0034728042867999687
2005-11-25,0.006510702753282419,-0.00923482765897634,-0.0023341256007283237,0.007483774385985275,-0.004037287077847255,0.0020859622466586902
2005-11-28,-0.03332142621444018,0.008442099102494086,0.00513406852136722,-0.017425912341526358,-0.022476399831698555,-0.008507817120047334
2005-11-29,-0.014912114449606119,-0.00010785028151858861,0.0018696735242827397,-0.0034333544278566117,0.0018631053131133645,1.5920611289299558e-05
2005-11-30,0.003849687867725275,-0.0038552331856611366,-0.001732122271913405,0.009716290343825448,-0.003930008300979954,-0.006361930308439456
2005-12-01,-0.007274464836807655,0.02680281433919838,0.012476823923215261,0.023607242263289415,0.026673854545103043,0.01215710832826944
2005-12-02,0.005449947482182389,-0.008798872728980715,0.002103002717370943,0.003435509553489909,0.0037614471506966737,0.0003241257364618999
2005-12-05,-0.006323093865169756,-0.00525299792841867,-0.005687639953602833,-0.009642064951876844,0.006721227399702204,-0.0023634792568365537
2005-12-06,-0.00036413675061520377,0.006197672334830588,0.007801629499873327,0.012600956744505181,0.0034244880507780812,0.001275650227134273
2005-12-07,-0.005066815808537798,-0.0032114800946013346,-0.007871569340349738,-0.012303712963391245,-0.01379515482688048,-0.005009065679568603
2005-12-08,9.442795744448653e-06,-0.003016628668100635,-0.00868107247821213,0.0005953449028740727,0.011441653778259717,-0.0012168489011322725
2005-12-09,-0.037929365124232874,-0.0029520753158858546,0.007369662116093136,0.0026697054159964474,-0.013666413886646488,0.00281089103146126
2005-12-12,-0.01135692493285371,-0.008138588377880498,0.0060210644659964745,-0.0011710259438403045,0.009764516376427479,0.000841737216116023
2005-12-13,-0.023524247991537697,0.014073587940985437,0.00709273778830331,-0.020905339562998924,-0.0026123461512960644,0.005553660022141527
2005-12-14,0.012342243421253698,0.004850087613205262,-0.002748180557757771,0.0051318919301586675,0.01053308161819455,0.004189530229214977
2005-12-15,0.03566851349396794,-0.009145765290129075,0.0009712990010942222,-0.00807873281728554,-0.010011429726894488,-0.0014143099469935416
2005-12-16,0.00783094778534254,-0.0007763264662599719,-0.005000620567199409,-0.0011097523201643216,-0.015903715364971927,-0.0028482818103757745
2005-12-19,-0.03837591258892213,-0.020735123951461317,-0.015560417058365953,-0.003521573219728848,-0.011259492933863961,-0.0058390167103565815
2005-12-20,-0.013202480214327284,0.008493081967656897,-0.003508644833898409,-0.0025448293540195933,-0.0018769626151744585,-0.00023814910284736257
2005-12-21,0.03091034982800218,0.004296407469630949,0.014996087699888127,0.003291654449668201,0.001936318639664185,0.0025166668976364104
2005-12-22,0.0031585295000296264,0.006204983626916712,0.004562269472854618,0.0062193667287340345,0.0034583389239429023,0.004220777714278201
2005-12-23,0.010938986193015001,-0.00026916157545971934,-0.00016127781234746063,0.0030880180235224966,-0.0004020359332922716,0.00042585801389405376
2005-12-27,-0.026247500539872504,-0.014638690596316619,-0.012425827516263158,-0.013046820880685806,-0.01927555977276701,-0.009553382932114052
2005-12-28,0.006414374425867351,0.0017271686694313544,-0.009246203913003756,0.005664039561013706,0.011706070228102461,0.0012972168272717965
2005-12-29,-0.0028945171418634018,-0.001244841440576041,-0.002947253887629757,-0.003289190935402556,-0.0030498219573750662,-0.0029805192215838217
2005-12-30,-0.002613721922744545,-0.012564488540222508,-0.01559816881126769,0.0022872548082359654,0.0019382258942752168,-0.004886724277406218
2006-01-03,-0.010162774592584793,-0.0033339914993440155,0.012202381997795296,0.007779972489858401,0.036125017508806395,0.016430484201434892
2006-01-04,-0.016890479891897816,0.008461175673241767,-0.0048664171521825865,0.00870318433385138,-0.0002988844503253072,0.0036726922525569528
2006-01-05,0.010560237741318921,0.018413906479336987,0.007705147775570743,0.00778883495470921,-0.01024232335153715,1.572058161558587e-05
2006-01-06,-0.005049687365515878,0.0025559275470460763,0.005098423631503624,0.0004102073727765844,0.017770995516545457,0.009399418040885843
2006-01-09,0.018692313924936567,0.01378278527056983,-0.014291890911743356,0.005892756125124057,0.00012840348648958,0.0036563642465448076
2006-01-10,0.008985627210970513,0.00028553760571745155,-0.024358828759437522,-0.003573693285147569,0.002145775153203033,-0.0003566120211651036
2006-01-11,-0.01202098806275515,0.0032439218080028962,-0.011785537843483943,-0.01703544186901432,0.009329816471557853,0.003481544021186611
2006-01-12,0.020411233750985726,-0.015282094825816928,-0.011667320847399361,-0.005082346504063065,-0.0022765422282041634,-0.006274239116809244
2006-01-13,-0.0029048493133199405,-0.0045321805512719875,0.0012723703171780827,0.0003476682800283837,0.01175907781692626,0.0012051744764605132
2006-01-17,-0.005862220442210689,-0.003674168230925838,-0.008762839522312998,-0.017194214980033002,0.01680065868741842,-0.0036345878751066207
2006-01-18,-0.023110062522345945,0.008503621387685515,0.0017866481620199056,-0.010118161740331411,-0.015918317580541613,-0.0038973286076955382
2006-01-19,0.020980766283307917,0.006143038772060774,0.0013532619800933315,-0.014895346343238075,0.011621193774550702,0.005563673325403196
2006-01-20,-0.0442834576211863,0.0004777891521330661,-0.01503984131868207,-0.015740840894032968,-0.008228208004194305,-0.01832631522151318
2006-01-23,-0.010318020969281071,0.0004917625968545918,-0.0024633327484801727,-0.0015032630643700305,0.01331680567025467,0.0018469873504542988
2006-01-24,0.04563562802047332,0.004989691431646107,0.0055749123432023715,0.027177909759226324,-0.003491983191333192,0.002405436843615494
2006-01-25,0.07479462598867918,0.0033507166067129803,-0.009067195411528771,-0.0039783743030474255,-0.008784716839218406,-0.0017207360448914244
2006-01-26,0.02608796824864673,-0.0016972318901170378,0.021327052491107838,0.013027553247859472,-0.005558063599629466,0.0072349542612786255
2006-01-27,-0.014960581536531323,0.013621660154390295,0.013832196016702287,-0.013427716233601212,0.008741191707254998,0.007763999112620157
2006-01-30,-0.004730153751534694,-0.005296645019175235,-0.0036394267184860704,-0.0005056678150653418,0.00889581464004372,0.0011450867297171374
2006-01-31,-0.0008689084401204116,-0.002599239959737012,-0.0022835609463994514,0.014297761535126137,-0.012658948178814815,-0.003976054579116317
2006-02-01,-0.001537194324272411,0.016706332275454015,-0.017500629629310732,-0.004689244917931455,-0.013672593638727006,0.0018592626746127827
2006-02-02,-0.021184615909928834,-0.004968580003543341,-0.02704639169369987,-0.014453036798509952,-0.008282857324692854,-0.009060707913791766
2006-02-03,-0.0024889032732967786,0.011719121574144115,-0.09063239058804888,0.011434396798140178,-0.011257680450719879,-0.005358610609197956
2006-02-06,0.0031116602348602936,0.008549938343300019,-0.011162196633403398,-0.00827676030054894,0.014244694643562485,0.0007832015153355076
2006-02-07,-0.005871452444229125,-0.0041546819634048346,-0.011005067487445527,-0.010358246326768253,-0.019738598038251846,-0.008094725835381955
2006-02-08,-0.013667651284993091,-0.0026391723315825595,0.015430385051189368,0.017015473746066535,-0.002443364104988325,0.008662869079354651
2006-02-09,-0.01524202054720297,-0.006420687712634603,-0.006384750049864387,0.001231998135766173,-0.009330858013548722,-0.001477497792530147
2006-02-10,0.0067588160170403465,0.007119459430377571,0.01360816164643708,0.010700776430851973,-0.006317672055439536,0.002539968082329924
2006-02-13,-0.004821524639965621,0.00115818149497523,-0.017635816465133743,0.006659187111471159,0.00040172096328194027,-0.003259698114938203
2006-02-14,-0.007083301275931721,0.004409566255343282,0.010920338027205942,0.023638490978774216,-0.006034346329098984,0.010032817645881265
2006-02-15,0.007773251618408964,-0.004790217052332947,0.02420078624031164,7.004775198379875e-05,-0.0026870097715519336,0.003504402562430453
2006-02-16,0.006446836603073644,0.004437681622341997,-0.0007869525299293947,-0.03899739397990006,0.0073456538218820795,0.0073281288146973544
2006-02-17,0.02479494849525025,-0.008728252503014748,-0.00015338901728537244,0.01803858354353278,0.013917376980650202,-0.0016597237744756521
2006-02-21,0.025934354117979844,-0.013669809592178601,-0.020813582893544392,-0.024698204215364252,0.005985722657236518,-0.003270533054782976
2006-02-22,0.03161502806106467,0.007384502470132427,0.01048672982193035,0.013689144862144937,-0.009960159505366757,0.007513475466915054
2006-02-23,-0.0011103840508105858,-0.0013801792210404325,-0.017506250894391274,0.009279907934983952,-0.0030871612231899294,-0.0037751357399127272
2006-02-24,0.01115764641597767,-0.005046853797840242,0.010115209189548315,0.009337627391842828,0.006577871300798033,0.0012735108974994969
2006-02-27,-7.654113973782676e-05,-0.0035619725187935017,-0.00594873346080867,0.015506899059068874,-0.007968780167985001,0.0036372204857118007
2006-02-28,-0.004539605294250411,-0.02081995939521748,-0.015578797093670594,-0.00786976770851631,-0.0089696742335075,-0.010400860034838644
2006-03-01,0.004119900190526782,0.011960362775607863,-0.0061295818119389,0.018917542163741523,0.010881797202224363,0.008261330698481784
2006-03-02,0.000744606253667227,-0.006090209143702064,-0.0055609603068947225,0.0018075481321026265,-0.0004873592301261415,-0.0016263247744955356
2006-03-03,0.0019574426266791367,0.0027377137487518584,0.006799611291718653,-0.008256158286074794,-0.0030409379668812544,-0.0014816343903563123
2006-03-06,-0.02374062672870156,-0.0046636844771281395,-0.009577792873093285,-0.011414953975609017,-0.01761500580487341,-0.006968428982565
2006-03-07,-0.00866505300644063,-0.009244658273404314,0.001924432753080528,-0.005752687879432059,-0.0056183547917493795,-0.0018619098341728924
2006-03-08,0.0049270105453154646,0.011512518140452503,-0.003173720591891688,0.00017966194460057318,-0.0017795955629118488,0.0020299446737943594
2006-03-09,0.029027499934269785,0.0014407842721184984,-0.018384294568025105,-0.009805474589353805,-0.007772418130616807,-0.0048808265953584895
2006-03-10,0.01582107301022153,0.00010172477652918498,0.002331353872030514,0.003343312670948549,-0.0002189625513764014,0.007223586629499623
2006-03-13,-0.0021387661257794483,-0.00658569062672698,3.653334160696019e-05,-0.008089523444448441,0.016926457780151193,0.002114810791593591
2006-03-14,0.003449163806338041,0.005014117427202392,0.01896500648024757,0.01031882565059814,0.019504836482953394,0.01039612464094386
2006-03-15,-0.010824085798202486,0.0067447816119765094,-0.0007448695359868386,0.012270445866704421,0.0034055854799455118,0.004269845505052494
2006-03-16,-0.0031043410198250934,0.016209774574834235,-0.004419516416541305,-0.006986676685857661,0.015076349830414072,0.001772755973671547
2006-03-17,0.019020591347751283,0.003803573184420725,-0.01766801073709496,0.002555986981568218,-0.007842252513813928,0.0014709261335852375
2006-03-20,0.01969489989974212,-0.008385592254135257,0.007001196957288474,0.0005650010934292093,-0.009290519373933279,-0.0016600068428476167
2006-03-21,-0.000818222334751528,-0.002122691513739547,-0.00893572122429323,-0.015260177508699587,-0.0061438499780961655,-0.00601493843309675
2006-03-22,0.011175902642997637,0.0009027717149236765,0.0006374114704611432,0.014937573228898597,0.0023829831216304292,0.006020565906847075
2006-03-23,0.004648680974652727,-0.011879360377395447,-0.009317373681976781,0.004158410809401625,0.0010737949762825675,-0.002582292509284545
2006-03-24,0.004173249147717568,0.0022534434113866525,-0.003595173461330471,0.002267403031313025,0.01472039749283024,0.000983280849487178
2006-03-27,0.0011385774548387329,0.00031885372412534705,-0.005197971633384911,-0.0007018991631769717,0.006472345133428676,-0.0010284092793489963
2006-03-28,-0.018110999669753547,-0.0057910059659714965,0.010325004364503178,-0.010894931904318426,-0.0051990185422033245,-0.00643818423116127
2006-03-29,0.027547516172466913,0.000868749104188395,0.018350158534159583,0.016258601934082795,0.013683870111751244,0.007469695510914587
2006-03-30,-0.009451673938196622,0.0025895667939848078,0.008605869134449025,0.0037170535141721277,0.003312746574528204,-0.002026275908753372
2006-03-31,0.007104346564786378,-0.0020451029294362216,-0.003555895348039353,0.011815605633283582,-0.00833502547965515,-0.004137669588781034
2006-04-03,-0.012816248477539188,-0.00269065240434001,-0.008506692115564282,-0.0036974530189829396,0.005416625897851744,0.002270547226863817
2006-04-04,-0.013786547483988481,-0.0009600538285905291,0.015255922488643697,0.000825933681548831,0.00876986106563758,0.006256689924245107
2006-04-05,0.021187570621737848,-0.0009501476813164611,0.016670445531010002,0.0012329757304639487,0.011428318354769804,0.004311107525869495
2006-04-06,-0.009336476246950588,0.001334032490195,0.028269309081623804,7.083602294598119e-05,-0.003985277583712074,-0.0019213908770231436
2006-04-07,-0.009624106189163924,0.0014416994852550177,-0.0335620330843132,-0.012206526399799283,-0.009263576390379117,-0.010343487333051349
2006-04-10,0.010721768086819359,0.004658869403602864,-0.010914294134281667,-0.013501314921570712,0.014778415138655776,0.00086452730002895
2006-04-11,0.002592366179222542,0.0025805952232763277,-0.014172208356717947,-0.01944419262105069,-0.006207949996492396,-0.007750959314195005
2006-04-12,0.00456794616243356,-0.002514643540531547,0.001270374698992715,0.005813655608270265,-0.008406017701380036,0.0012047917274888853
2006-04-13,0.01100853998421792,-0.004117103985595319,0.011366386201127465,0.005931041940920211,0.0023706730693007377,0.0007763251900372303
2006-04-17,-0.004905751938309898,-0.009647183211915265,-0.03318888404026163,-0.01633261082589159,0.01100492030898318,-0.00294002038356056
2006-04-18,0.014105105773833549,0.003150489706997157,0.026413815272304627,0.0060544184696384425,0.02343583294339057,0.017077384012400332
2006-04-19,0.01934168376306937,0.004046149695624754,0.014290449350375607,0.008676576813163665,0.004813051825215245,0.002027128354043395
2006-04-20,-0.0032719055612670874,0.011792816404253914,-0.011991891801020376,0.0062898863801971626,-0.012417842315648717,0.0011679304724923067
2006-04-21,-0.002702104616544574,-0.003188568589898776,-0.006764654753226087,-0.008416346075924768,0.02246662327763338,-0.0001371994921570696
2006-04-24,0.005542856320073068,-0.0006861327451193471,-0.006404754288945227,-0.004835153795682897,-0.00525599958949598,-0.0024175186645771785
2006-04-25,0.007175157528293389,0.008468839694529393,-0.005897507988261166,0.008745943836556936,-0.008031417501854557,-0.004869617378140845
2006-04-26,-0.0047056007825794595,0.006213149580065547,0.006951806618287569,-0.005109360496981442,-0.007658802684313733,0.0028193371739710926
2006-04-27,0.004298816685923533,0.007488661771266239,6.149687639075025e-05,0.02260271400316836,-0.0028752103583381036,0.00330159598179125
2006-04-28,-0.028060368887526756,-0.0017413929719117852,-0.020443730343404586,5.339161112998638e-05,0.009403698237384081,0.0006795457566091123
2006-05-01,2.4483472688129963e-05,-0.011328934983910905,-0.016489244811548415,-0.009474684268407129,0.004080539683346794,-0.004135512475787029
2006-05-02,0.007769650499287132,0.0033054888071307686,-0.005332982309434963,-0.008205408105472076,0.021051637425789266,0.0061447144793416175
2006-05-03,-0.008888727821771646,0.011129820010393325,-0.013544358765411216,0.015403118052983606,-0.014924164875488762,-0.003875972595181021
2006-05-04,0.001743488635558892,0.0032648712556452284,0.014006481843019062,0.06816993872801796,0.007140380586942462,0.0031572064475955397
2006-05-05,0.008393505324528846,0.010122860856011226,0.015803738820476455,0.011399074248889269,0.013413697945833988,0.010295301783673105
2006-05-08,-0.0033535141315172586,0.006236587632420302,-0.008134671296093274,0.007696806432238671,-0.007245323859190559,-0.0008296943472687612
2006-05-09,0.007896434012175027,0.005118007459149366,0.0035157149348422944,0.003975960413975231,0.00872268091988689,0.0003623423794523184
2006-05-10,0.013211647058920922,0.008882557580640257,-0.01720247283285637,0.007582922089437032,0.0013208797197675837,-0.0017281487519698047
2006-05-11,-0.02833529368379955,-0.013424854036695678,-0.01943379610537891,-0.012204631578141355,-0.004799270275031722,-0.012798073820219913
2006-05-12,-0.006226560926570522,-0.00822641185577164,-0.021911593197465686,-0.009259995518150477,-0.015177778919457725,-0.011241158123729833
2006-05-15,-0.024122935426216244,0.0057508870960075896,0.0019886411048296113,-0.0032110875500875507,-0.014907465952983562,0.002524712516867922
2006-05-16,0.007173678285402164,-0.012503294205043048,-0.002593354016749504,-0.009249591638065269,0.005900277452023779,-0.0018694816109019463
2006-05-17,-0.018394249019912417,-0.000709374832042382,-0.031353276765611844,-0.009957747657833372,-0.026635094763670458,-0.01684107060376383
2006-05-18,-0.012354482808846278,-0.005920194836234713,0.026593563141839503,0.008233592981194405,-0.006414345390729283,-0.006699011316142922
2006-05-19,0.004492691045940751,-0.0040929247151547275,0.034600274759280014,0.009457665262444046,0.0006335051696192921,0.004136891022205491
2006-05-22,0.0002966158540532831,0.004429398894437005,0.022787919272467358,-0.010964339185215739,-0.010242856689821233,-0.0039147320056533985
2006-05-23,0.00318983973415047,-0.01797893826575167,-0.026754882208033234,-0.016983639183928586,0.0068042594849684656,-0.004349988881771183
2006-05-24,-0.007828965950571304,-0.018021055520110775,0.03902442738128256,0.010118195766308836,-0.012462213474211371,0.0015836558786301858
2006-05-25,0.01838701203672882,0.012638703082447262,0.012206538024254702,0.01667967670548247,0.0342802867334626,0.011370093999100828
2006-05-26,0.0075562545158532664,-0.00832678444102995,0.010413294647725906,0.013508953042652861,0.00448193348441666,0.005719336676629716
2006-05-30,-0.024743358484473576,-0.01117145420778607,-0.037839483480687226,-0.015704336845796606,-0.022846396443307333,-0.015849611392923735
2006-05-31,0.010910051280110428,0.0052362621963310384,-0.0026194883540642338,0.014377090270314839,0.01842152774628648,0.00811192483568468
2006-06-01,0.015400430913892444,0.014157706425742876,0.01363684254909987,0.009090969036295918,0.003574213476047891,0.012298337548946048
2006-06-02,-0.010709979499857778,-0.002918379234768503,-0.007959745579175266,0.0022094544905960595,0.010539554798173053,0.0019522363844757251
2006-06-05,-0.015260182070326162,-0.0147314232197159,-0.033619741897266346,-0.021156431239168848,-0.021266307184667124,-0.017799702040102394
2006-06-06,-0.014836574758894985,0.007242861798077613,-0.002793079978852149,0.003798361230214321,-0.009776240595490404,-0.0011381291499216184
2006-06-07,-0.014420646230660802,0.009168800400378107,0.007849434496648933,0.007808582237346793,-0.02686294650823507,-0.00609245663695579
2006-06-08,0.026313732736860156,0.0052351084365188025,-0.004430451756604271,-0.002511885786407757,0.001616864489068178,0.0014170515163627329
2006-06-09,0.00025339685103604255,-0.003123120134771564,0.004408739385623305,0.004762607243768427,-0.006887938110868107,-0.004475610441298961
2006-06-12,-0.020667917736500882,-0.018634503558468237,-0.00690341940788432,-0.044945747514067935,-0.005393547559525005,-0.011866251571083786
2006-06-13,-0.008370860633768155,-0.022919390034810902,-0.0027709353627298565,-0.006873317769962987,-0.021724163754077534,-0.01111165038391615
2006-06-14,0.013912464703532178,0.01715526483195682,0.006954152572844063,0.0015670951013443553,0.017613476333886092,0.005189302813874974
2006-06-15,0.00024284027597860263,0.022598592681406418,0.03505775721073033,0.03438530270811522,0.033098710192651634,0.021235077141956493
2006-06-16,-0.011046157091284025,-2.9603507485365415e-05,0.002685260498433667,-0.007707598003916945,-0.011425914120326962,-0.003677871442713476
2006-06-19,0.010564225461866264,-0.005849620959288516,0.0005488345744275603,-0.009562379293120015,-0.020335921650519968,-0.009116795167204206
2006-06-20,-0.01594348585765232,0.00038227875776059245,0.010104105048231338,0.002424767051330714,0.0017039533975897049,-8.071545390841983e-06
2006-06-21,0.0009127177360051221,0.00910042819767103,0.03126993281336971,0.01351054419120604,0.017327813489935874,0.009740957409162698
2006-06-22,0.014106246085692685,-0.025292942739637964,-0.006675156816572727,-0.004945279233896098,0.0035525393775204047,-0.005270704235182944
2006-06-23,-0.00487649247221748,-0.003810754653787497,0.0027177302094665845,0.007745012304748514,0.006318150207170373,-0.0008830889591340263
2006-06-26,0.01706774673197622,0.0020682612682296703,0.006565281356788937,0.0019807897878531965,0.010508386311800759,0.004869472554238641
2006-06-27,-0.015139460570851113,-0.007344898150707667,-0.007767667223679128,-0.02498368007890694,0.0008204666993121996,-0.00908401587257579
2006-06-28,0.00019745085411931675,-0.011848347767902601,0.006367445949382015,-0.016134735128414124,0.017412527068221398,0.005487450852216691
2006-06-29,0.016764712728711776,0.03982366669658622,0.0464887667981995,-0.07482633337581275,0.021087323165661136,0.021565004106891994
2006-06-30,0.007558146776097485,-0.0004445074991466024,0.0020168277440062716,-0.015460655894114838,0.00394013273086747,-0.002097656442177853
2006-07-03,-0.0012168074490383725,0.011089894875919522,0.0005229443815252483,0.020669274909385096,0.01132816963605436,0.0078648957789349
2006-07-05,-0.020334223512066856,-0.006659855311205615,-0.035790405080946226,-0.010187797731628593,0.005883093821639366,-0.007248851851131444
2006-07-06,0.0027830827272335126,0.0018438283865685455,-0.0072226553032876594,0.00784418611615347,0.001380587068893407,0.0024942142163870695
2006-07-07,-0.004220484825774532,-0.012664988885470633,-0.01736212781075362,-0.011754315023765618,-0.0006336250719164553,-0.006749949675504019
2006-07-10,-0.0005467906319183048,0.008956446767374174,-0.007807493927414152,-0.003848855374730186,0.0069208079395180885,0.0014697864685884188
2006-07-11,-0.018990184098978853,0.0074459996495105304,-0.0031213082826825763,-0.00514081117848824,0.011946028791346338,0.004016355538295047
2006-07-12,-0.011295226546172332,-0.019896236504524267,-0.028871413258468502,-0.013405265264620487,-0.006244064621765751,-0.01086902819111013
2006-07-13,0.000552506846706563,-0.015558392202515595,-0.024536118029748474,-0.025624359422918255,-0.0055987069786448025,-0.012966746071534585
2006-07-14,-0.014263216660564336,-0.006822486467298916,-0.021509324319690184,-0.010625808744586929,0.012818937558202247,-0.004894289517349271
2006-07-17,-0.002477186798077924,0.03051080526189751,0.0213234549656704,-0.0017519576236055265,-0.025998204414233395,-0.001383239771105771
2006-07-18,0.006820698558118339,-0.0033312294364404955,-0.0033119291293172808,-0.0007283264486378848,0.007517079814552911,0.001919817200573215
2006-07-19,0.016093981977218525,0.01936374083715783,0.028302081608124342,0.033343113448332594,0.011256611924754054,0.018555110128867458
2006-07-20,-0.009358271873758773,-0.03745846600649253,-0.008146587786793436,-0.01659661382840845,-0.009560499512416151,-0.008477511064532206
2006-07-21,-0.009966323930686924,-0.008709335546118139,-0.021648036511176128,-0.008842244876521584,-0.009326353579559792,-0.007076898149718125
2006-07-24,0.02263420791404301,0.008684480577307994,0.030299763209594252,0.02423319354469345,0.024880415634082748,0.016625139659086186
2006-07-25,-0.11580372735250904,0.0018212675965541914,-0.017272775173775717,0.025227653636902672,0.009640057588362172,0.0063208083741757015
2006-07-26,0.008678958818423009,-0.007203374431331199,-0.18749729477818083,0.0002439605110741628,0.014756051577299837,-0.00037827096880949096
2006-07-27,0.05150097344825309,0.002632492005042342,0.008074844513425685,-0.023876851018738494,0.003435514804506235,-0.004099710771126586
2006-07-28,0.023057745761894958,0.00427034141664305,0.02303491219006419,0.011202410878902736,-0.008128626006548258,0.012151756055729379
2006-07-31,-0.004165342334298029,0.0020846089885820512,-0.008759390740417622,-0.011300626763520108,-0.0006037330036132488,-0.0014782484660414985
2006-08-01,-0.009559169993667325,-0.004132161011428149,-0.01976335245519077,-0.020203639822665855,0.0020910205589470664,-0.004496099259552078
2006-08-02,0.006265718757012208,0.016309083201109634,-0.006758473409675489,0.0019260637605347131,-0.007687682274138256,0.005106529136347682
2006-08-03,-0.0183205376710702,0.013477791720098354,0.020384813910487937,0.020819094598962407,-0.007436364000984437,0.0022388937577111356
2006-08-04,0.014423727460373735,-0.004804663376220139,0.019278405261989574,-0.006202259899227871,0.008542830850186168,-0.0007108142546528029
2006-08-07,-0.0166027919521563,0.0010931080718905148,-0.016786627957398808,-0.009160799495138516,0.006645611360115721,-0.0028060638611625555
2006-08-08,-0.016562675058627817,-0.01072320126094322,-0.01398375253060739,0.05613717838455695,0.0004938474203598764,-0.003362705657620202
2006-08-09,-0.01108383682214154,-0.017740158441068687,-0.0052726696532274025,-0.006088084655400205,0.008934261710894325,-0.004349285385394919
2006-08-10,-0.11529649670482077,0.017298971410707426,0.009797979570764444,0.008673544361898477,-0.00160651199339196,0.0046290198253495785
2006-08-11,0.008566652486057662,-0.00681718632223498,-0.014658799359045198,-0.021301907547901296,0.0037195747852632292,-0.003986498082096501
2006-08-14,-0.01764644293751727,0.005613146342870472,0.016275514371715,0.012188015697159634,-0.006851866321315907,0.0011604360124866098
2006-08-15,-0.001817555669132503,0.023244713237106314,0.042836836779382145,0.01709821951914909,0.006762694506025601,0.013696466399260254
2006-08-16,-0.007707457011908743,0.013334999118067264,0.0073495487958749675,0.034523727434795794,-0.011114880644525647,0.007661987579892671
2006-08-17,0.012930208750107081,0.011815883106056614,0.03493470374758961,0.009277306115395475,0.004073158462398042,0.0015824295197877092
2006-08-18,0.0005416110031886362,-0.0027060151335427003,0.0037510014050304396,-0.010176367949356275,0.012416340341430302,0.003714946228020821
2006-08-21,-0.012124314311246347,-0.010909335248864465,-0.029495514241668443,-0.008884268279771035,0.0010039591588131694,-0.003670451599211977
2006-08-22,-0.034003395244091426,-0.004500074346424948,0.006638680372823429,-0.00036057785946901945,-0.002170092034675946,0.0010018548756436374
2006-08-23,-0.036166953999932874,-0.0033420695110118583,-0.007180829396301196,-0.005752210841995339,-0.009404895043951464,-0.0044886560845824874
2006-08-24,-0.019676712316286475,-8.592237499143774e-05,-0.004601937627503272,-0.008950507376476548,0.011388136133662418,0.0023743945293950297
2006-08-25,0.0018437724474340683,-0.011323344930654886,0.0029000285201940166,-0.003286314789036635,-0.0004620648418154901,-0.0007484936882400373
2006-08-28,0.021338897396108766,0.014857164622068549,0.027632456514421925,0.010920577391794485,-0.0031446129960635907,0.005165713311912734
2006-08-29,0.0002814367057785131,0.014851587404081587,0.01798084155127282,0.013012574361405977,-0.0058253839205510225,0.0019204473442031578
2006-08-30,0.023894435547767285,-0.0013626023587368218,0.03401070165330192,-0.002922600107707371,-0.008799267629036439,0.0008356838990319915
2006-08-31,-0.005181662579846811,-0.0035281330440883286,0.004192540132095753,0.008030342400364944,-0.012449960339241888,-0.0011874402153588814
2006-09-01,0.007195040233148137,0.016865082383000492,0.02699857880425201,0.00622373505949578,0.006474356110486649,0.00551461380616769
2006-09-05,0.005330175984955179,0.002128848786338106,0.013793301915831844,0.022610300993939233,0.0113290327995081,0.0017085988800158436
2006-09-06,0.011803051188157915,-0.0129557995194719,-0.03982737370576754,-0.04422534804805925,-0.021948278756165118,-0.009891483140586299
2006-09-07,-0.01123521386598775,0.0006630127341819567,-0.029615344863141917,0.002822362695000543,-0.0016585214561961367,-0.004799032645401269
2006-09-08,0.006005461425448191,0.02314725731520554,0.023255693838135274,0.003268356108820794,-0.015486617409190728,0.0037866681659510792
2006-09-11,0.009149588786907489,0.008123159948181252,0.009001041552373993,0.004241289917162056,-0.026210763914525894,0.00047731584409493877
2006-09-12,0.03544172018893476,0.025487135544220843,0.02696580201846981,0.03418493391049312,-0.0032631443619050753,0.010357480749273451
2006-09-13,0.04323603909716294,-0.001881402960075058,0.00012723618903859543,0.003054061051889363,0.013166054755388948,0.00386134523157855
2006-09-14,-0.006836899686348134,-0.0025493778571166444,0.00019879103588973303,0.0020982194203636325,-0.010222655030700804,-0.0013579833128180008
2006-09-15,0.0052690078238790145,0.005358877581229174,0.025050697180656147,-0.009288503561493473,-0.002929155498966835,0.0025678463606395585
2006-09-18,-0.0035785940546727126,-0.010438718192257475,-0.011547229670189176,-0.01685858855890869,0.017791170949122213,0.0011518266007009004
2006-09-19,-0.01644704697103158,0.0036501955009367406,-0.014067266507904498,0.012345274968475255,-0.014489639577239428,-0.0026794523975416373
2006-09-20,0.012222193065000215,0.007099801041254087,0.015907551032838075,0.0209419569204366,-0.00718084958680617,0.005722381666218412
2006-09-21,0.006280158971234179,0.00392755849326822,-0.0519175973186419,0.01763027615994298,0.015596041865517645,-0.005395511646919315
2006-09-22,-0.011149785615357885,-0.0025926702648750646,0.01624071886671669,0.027905021157824988,-0.00341389689225034,-0.002465801178850091
2006-09-25,0.005921858354788686,0.012578391308206913,0.028777424067289493,0.022369029802915504,0.0027559506499375244,0.00881513680011592
2006-09-26,0.003964756458913188,0.008014187523005749,0.021348843912829138,0.0082148673490548,0.017169881603301403,0.007524280936307193
2006-09-27,0.013332050772108892,0.0067778406416158865,-0.0040327362780122646,-0.013835900110227846,0.010518333614389742,0.00017958636491899327
2006-09-28,-4.591981655831455e-05,-0.006167559257119944,-0.012544228390439428,-0.00019833890109875063,0.004860929959329962,0.0017133444968626677
2006-09-29,-0.014163713557196698,-0.010927590479017292,0.007173937760287869,-0.008235062065363626,0.0033799474674362693,-0.0022631074374287463
2006-10-02,-0.005666435725518947,0.007609381794192302,-0.03449868464122488,0.009602433394112781,-0.0070279628671738115,-0.00339112129330843
2006-10-03,0.00985202812119503,0.007853398600466625,0.023232451515662174,0.020747854613373685,-0.021890535205857722,0.0020956938790537283
2006-10-04,0.002941189556652351,0.017971256913431394,0.031591119489051994,0.025246238147608038,0.014252190615145911,0.012060449286025232
2006-10-05,0.015386664258580804,-0.003662617289153835,0.014309495793058272,0.008904793053790515,0.0019425868818207861,0.002236720219570998
2006-10-06,0.006686779834153065,0.0015747146561103347,-0.019043362493470915,-0.016124681483276,-0.0022679399891182284,-0.0026824943182935934
2006-10-09,-0.0045155760402942405,0.005395345411251673,0.021080903390538138,0.008211035319632836,-0.005602505463841257,0.0007928840510640356
2006-10-10,-0.0024217551020777246,0.010122892776557944,-0.019854051791595675,0.006258992200358072,0.009494079737743251,0.0020434526052304225
2006-10-11,0.006964992015722836,0.0025775564926633784,0.007090041117518583,-0.007582833858398762,-0.010796419984297492,-0.002563943683974057
2006-10-12,-0.0009533947166270833,0.04929752858765626,0.01991865696097534,0.019179716212735117,0.015204394220827295,0.009541098076733423
2006-10-13,-0.007426889493365648,-0.009117096024824339,-0.005536399453635169,0.009416983105901488,0.0017754194886862526,0.002047239312655602
2006-10-16,-0.0012349378454037346,0.0005719052890815412,-0.018566480164029908,0.002488631070895628,0.014841804175326833,0.0025190488487738527
2006-10-17,-0.00853737152561219,-0.006669742657777627,-0.00463546109633116,-0.012903714429810068,-0.0020286686183342882,-0.0036594521432252725
2006-10-18,-0.01065221483625932,-0.0010040422678748518,-0.0038139431584327675,-0.0026996003196743602,-0.006257075231490297,0.0012829441276758224
2006-10-19,-0.00536873619457403,-0.011208607435491232,0.007417575700774057,0.021700979244924125,0.018590388443288586,0.0008492546990097605
2006-10-20,0.002285583451718214,0.010827913593210399,0.0032221695577382067,-0.004196183418661899,-0.0026233255565482065,0.0011997532446470505
2006-10-23,0.01227423132045582,0.02470499251648043,0.009744645739103072,0.014678456483414154,0.0036602250630992884,0.006152304614580828
2006-10-24,0.09490464741651444,0.004836117911594331,0.019050083185825902,0.002971869191400028,0.011264802044413047,0.0002614234698528062
2006-10-25,0.005004088465019358,-0.007093588816608805,0.10494433456631534,-0.019511942762850787,0.009095852572699268,0.003513892900401272
2006-10-26,0.004573428043137505,0.003662368058850132,0.014475497841648689,0.01576762406730686,0.0020990648596448916,0.004963019994619788
2006-10-27,-0.004381882320785485,-0.018127023744430915,-0.0030103249921660962,-0.012186295803751081,-0.0026126404487796374,-0.00845163029183671
2006-10-30,0.012459824242481064,0.014585930303300045,-0.0013492448171044714,0.0024655194213049018,-0.014946978399846147,0.00042842573748558266
2006-10-31,-0.004970729162263676,-0.004710435964555929,-0.0006279051621774525,-0.013118338848808581,0.011246462439567728,7.175759964006545e-06
2006-11-01,-0.008085138525525148,-0.0013727102219815413,-0.013090336137941794,-0.007904466639896126,-0.003771963571910132,-0.007351469035843494
2006-11-02,-0.019033115409495278,0.0005243679839648214,-0.002947899038920671,0.01800470436410438,0.003236864894582026,-0.0003436827873022352
2006-11-03,0.004070929290548051,-0.020357304350720435,-0.00010129196247752394,-0.004531850079866348,0.012389293112876556,-0.0022232342125417803
2006-11-06,0.00811280987869115,0.01708864213760464,0.01858151930037203,0.009928229058892768,0.016240427360949522,0.011346463325312195
2006-11-07,0.014398103153877049,0.0004525831716590604,0.013005721462659436,0.00019434988158373507,-0.006087939173608037,0.002217698805944357
2006-11-08,0.03015612257253025,0.0037643642445641225,0.016318313450522596,0.010958723981983947,0.010614917638699737,0.0020826740288086842
2006-11-09,-0.08512675390866241,0.0011946911986924925,-0.013233469826713785,-0.0010691602282829624,0.012487863499228705,-0.005332978382845854
2006-11-10,0.012208876497846837,0.009359267856180341,0.009432155900533104,0.011690152363486432,-0.002439697890413568,0.0018646249021037065
2006-11-13,-0.0012034040749520955,0.007052967307781161,0.017459508117563416,0.008651066663128364,0.0028598792807930425,0.0025490763045961096
2006-11-14,-0.011762066732554442,0.004833770222620358,0.034234515619242505,0.0015190224951239764,0.0034640311713404716,0.006356399415263114
2006-11-15,0.018033621931870466,0.00016188713726905592,0.022666873868059836,0.010382434388457658,0.002733533721324199,0.002404484328664136
2006-11-16,-0.005885774575058377,0.012377246398821797,0.0063521430737484876,-0.002816495390485045,-0.018296630851031146,0.002284213178895156
2006-11-17,-0.008648891180627954,-0.004187050572453899,-0.006056086683466009,-0.0010362538586412354,0.005983085234912177,0.0010287059183031744
2006-11-20,0.0004965664989519317,0.00642375692950083,-0.0008602197968467242,-0.003532513509177144,-0.0005974571180652988,-0.0004995369656483062
2006-11-21,0.004014578157784334,0.002330862660793663,0.0026177095511325296,0.004139022630608086,0.013267780551793612,0.001649452762406245
2006-11-22,0.001867062106879699,0.006438101142884629,0.009153562337719651,0.006857487461741092,-0.0069618290368483726,0.0023380978817977294
2006-11-24,0.000685955171104316,-0.005211670519077806,-0.01128568126116741,-0.013000194619565647,-0.0061459188905106715,-0.0036555375355650233
2006-11-27,-0.013043662597816495,-0.026186983082064234,-0.03435586040543059,-0.019375000069049842,-0.003295239143682881,-0.013555081120842472
2006-11-28,9.100804265605556e-05,0.010572688421453442,0.0020904498717285603,-0.00470619616426309,0.01417029076398793,0.0034443905034671207
2006-11-29,0.005627545368487298,0.005258013952669479,-0.0056135140438737085,-0.015198061234485027,0.017374319598506206,0.009201576407062984
2006-11-30,0.0016528733483321826,-0.002064302330709384,-0.006525082252895547,0.005783661044735291,0.007716041884377559,0.0008217512433992269
2006-12-01,3.035301568404231e-05,-0.001245121097982897,-0.021214393172582342,-0.00904776946973663,0.0014471825884696653,-0.002798771932377986
2006-12-04,-0.004292564954629354,0.01111606237281105,-0.005900018311920118,0.013397717422612143,0.0030579105803801446,0.00888519057411008
2006-12-05,0.0067393910170008686,0.014177360555327785,-0.0030989085614997426,-0.006832831709311927,0.01154670121505834,0.00400250842226435
2006-12-06,-0.008113083116184758,-0.004679045836837342,-0.0026931694626620615,0.016345757225218246,-0.010272312776967635,-0.0013147002592126533
2006-12-07,0.019692479522732467,-0.003673467889022526,-0.018982555229293707,0.016759470842975837,0.002518527065831857,-0.003970546574156186
2006-12-08,-0.00799221613825175,-0.003837186535692939,0.009483238226658914,0.007088771329900013,-0.0062396823166803944,0.001811941168510689
2006-12-11,0.019714896175569017,-0.0036187555537078417,0.005658442285356559,-0.004349038282153877,0.009767639225294564,0.002269813113380925
2006-12-12,0.0014485472783188433,-0.0176909171185582,-0.006233585813088231,-0.004873327908616998,-0.001960333130533986,-0.0010473733424651854
2006-12-13,0.010149981430850405,0.011208045152677724,0.0019508931282315842,-0.002786110326188151,0.010093415811944064,0.0011688502615989638
2006-12-14,0.01194945332964208,0.003497448489034055,0.012923281279576497,0.004951969464610084,0.016635233010902115,0.008689458492585622
2006-12-15,-0.014132787427256235,-0.004232237719402644,0.022074407092492233,-0.010050339262682804,-0.007308187420175703,0.0011224039431343424
2006-12-18,-0.04365109995192383,-0.0002709726125133297,-0.018362844700743498,0.002296117587418065,-0.02247214915955191,-0.00323033968563613
2006-12-19,0.0013337395487701424,0.009359633200278425,0.004056837174405352,0.001917522494843639,0.014572398341152287,0.002158250661892236
2006-12-20,0.009660547292535624,-0.0005516258329763724,0.012389494088263009,0.015989732286046075,-0.009498258050850054,-0.0014170106008628558
2006-12-21,-0.01142690709615205,-0.004065624649437358,-0.003943901348435241,-0.008749925849751709,-0.002501869149086463,-0.003673951628075822
2006-12-22,-0.020037703791520586,-0.0016144396483914918,0.006235094931023762,0.004993110862406972,-0.01185298199168171,-0.005316251006780903
2006-12-26,0.009952481120070616,0.003028274948754466,-0.008705237919207298,0.003722295860806562,0.005630718479152592,0.004352274381138388
2006-12-27,0.001460873945235859,0.010043308250667017,0.01140174950378225,0.01133435360470234,0.015386253014349139,0.007015273650207154
2006-12-28,0.00015750680430162884,-0.00034765497479014067,-0.00221439559414693,-0.005042584439498583,0.0001718706363723656,-0.0014787820653379136
2006-12-29,-0.0029990837699206277,-0.003079829565722753,-0.015333978368247533,-0.008340535845360915,-0.005998894143754676,-0.004513087903512458
2007-01-03,0.008142970544568457,-0.004910999000808431,-0.01657884047543255,0.006981563647114281,-0.026221801469657857,-0.0011986696634412874
2007-01-04,-0.020649766927882986,-0.004464264418240493,0.006445827851405098,0.011026840378868513,-0.015655575337455534,0.0012282862236074887
2007-01-05,-0.01432392458840849,-0.00443665444217914,-0.01227931962782069,-0.017318711407095618,0.0006501888040133777,-0.006084581335068839
2007-01-08,-0.023576473612638395,0.0010356509222868566,-0.01901253859228259,0.00044178508984852655,0.005226804275101791,0.00222031834174663
2007-01-09,0.0026326166252707813,0.0033741101186627134,0.008849903610025429,0.0071438736512469386,-0.013135984489265909,-0.00051667597633831
2007-01-10,0.006030232798488059,0.01099711868164276,-0.013146979936883713,0.009197081324700393,-0.019081304635504424,0.0019403518584233392
2007-01-11,0.013341759068121824,0.012136140973801904,0.00868673941890163,0.01437925277987299,-0.002848284967847674,0.006339874091180642
2007-01-12,-0.022220699966860928,-0.004238409859147697,0.019696447494838586,-0.004613377333001111,0.022098971395983096,0.004853165737491727
2007-01-16,0.010470937386108646,0.006107389620735613,0.011141719876909843,0.0019029634690426536,-0.013365229971839164,0.000817795084526729
2007-01-17,-0.00043918952152672424,0.0008704935430149599,-0.019655070255829254,-0.006636139549248204,0.011448415557306815,-0.0008939376178855873
2007-01-18,-0.017378413389902366,-0.008475002272103632,-0.023170822192087017,-0.00016528410673817852,-0.0020530659205166488,-0.002970739969038294
2007-01-19,0.00879300426030344,0.001656381228889022,0.00125938928980907,0.0036760643717822445,0.01848779181873125,0.0028954653399542174
2007-01-22,-0.01646354504366283,-0.0051347619492188735,-0.003381509715773645,-0.007452891949406904,-0.015107942748299111,-0.005277909002534109
2007-01-23,-0.001434113290348171,0.0070173370644654376,-0.012773691513350107,0.0001703227433944016,0.02189587856670834,0.003541965097471733
2007-01-24,0.018066107235087638,-0.005733523834296254,0.02185719664097041,0.007211851324949208,0.002106807414231099,0.008501470410478884
2007-01-25,0.007312518884086106,-0.017492897262134502,-0.00638620637977802,-0.011938113492829184,-0.019273358335322708,-0.011269802319041844
2007-01-26,-0.002602097820998613,0.000956526250116333,-0.005075456823616948,-1.0932146539602131e-05,0.000307010721670296,-0.001207929400684371
2007-01-29,-0.012381639285163726,0.0007119810798107272,0.013878237410438098,0.0033015410094810738,-0.002985441110862429,-0.001096948722968838
2007-01-30,0.01216004955314409,0.007847672424810999,-0.008895378406329077,-0.003840784323390886,0.020038189563830574,0.005772093311412707
2007-01-31,-0.0020758673779383992,0.013995389905603148,0.015670066830856293,0.015687498858697146,0.0008577597798578361,0.006592883847806208
2007-02-01,-0.0005431866345143048,-0.0016407294371539594,0.02207935403193092,0.001698028990283057,0.018468366378652974,0.005353731800087358
2007-02-02,0.004154057199920208,0.0021965550977266217,-0.029960461035319276,0.007544469624384875,-0.003915235989418771,0.0016944502133364736
2007-02-05,-0.006795994671331028,-0.0012525243462036021,-0.007270159610190511,0.005900443831610563,-0.0028087417758566624,-0.0009666073363550076
2007-02-06,-0.006923971412982363,0.009573409558320397,0.025842692734165576,0.006377369958535272,-0.004122990143199719,0.0006980074309024253
2007-02-07,0.016722558092329982,0.007994463262684576,0.01649094889168081,0.014170282111994486,-0.006069434079466444,0.0013950411127416906
2007-02-08,0.01871346489903208,-0.005514923336948807,0.002297859065767796,0.0014118188025616786,0.010898924585452427,-0.0011792671235344443
2007-02-09,-0.0187673998777007,-9.739101150078885e-05,-0.010658943209744053,0.000908086795235455,-0.005987799745681515,-0.0070772138460132306
2007-02-12,0.002690551997315556,0.003949894478780508,0.002943250614216953,-0.009884176621882143,-0.012759449536950926,-0.0032613821992586445
2007-02-13,-0.001121159606451384,-0.004833381390469594,0.010684766461287305,0.04309408814024019,0.010288572634332391,0.007597490309923183
2007-02-14,-0.0031599215234055303,0.003304753716088211,0.019914670972317687,-0.006441146724868528,0.008731310149841697,0.007644080004882037
2007-02-15,0.018327826320003956,0.00236833499429849,-0.0016084759573372557,0.022105216032114516,-0.0063838522630955356,0.0010375934274453602
2007-02-16,0.02615525408520441,0.0031759241379532427,0.0042743204054571885,0.005930027896969204,-0.003994181006547093,-0.0008717811383565088
2007-02-20,0.0105008988037683,0.018265783126565148,0.02586608867269288,0.003915297854745854,-0.010001147756563805,0.002844315193901492
2007-02-21,0.004945076431140773,0.00032954531659542055,-0.0030928751051165723,0.007924124863942105,-0.0032491321383002008,-0.001404450806129165
2007-02-22,0.008838094580017487,-0.003052172550753176,-0.005162616343576347,-0.004530709334213558,0.007278597040321173,-0.0008575564414925463
2007-02-23,-0.0044838270302084374,-0.004539264341161556,-0.006337153787834463,0.004206398811866678,0.004595888937178401,-0.003563673944411261
2007-02-26,-0.0017307825613314962,-0.011873749804708646,0.0022281781913721555,-0.0003244636923255141,0.007572087993194941,-0.0012541061904680628
2007-02-27,-0.05082279009611576,-0.030721875523928587,-0.0490600567964103,-0.029579472993418576,-0.04022006857674917,-0.034725402225963764
2007-02-28,0.022771266521770066,-0.0040649174518583514,0.007697856576865069,0.0036099048220397407,-0.0022908689024559873,0.005560889616694542
2007-03-01,-0.0012917508554275128,-0.0005108912751530247,-0.006165615314788445,-0.0047424457665750696,-0.013676737471238026,-0.0025944345993798024
2007-03-02,-0.01879347924712239,-0.010140739892860651,-0.02792062099735662,-0.020213251556969597,-0.012975282080623629,-0.011402751982227732
2007-03-05,-0.03529971572076619,-0.01826714275031334,-0.01493559803166677,-0.0059874262398349615,-0.011748588191585056,-0.009407677800631231
2007-03-06,0.01299364461722754,0.014973647807678842,0.037983590781103575,0.022212738401590177,0.018923005405532503,0.01549358071940743
2007-03-07,-0.004854877906643041,0.0032216179428402082,-0.006007755777032755,0.006182001499472435,0.011098930566678865,-0.0024652707034493737
2007-03-08,0.016480618685872236,0.011561748359213609,-0.006403674767951216,0.012356232888970016,0.0016449025519705042,0.007126622092502144
2007-03-09,0.0005378251597008,0.006742449195185513,0.016476429394632647,-0.00833797677246902,4.366271999571111e-05,0.0006776217548800645
2007-03-12,0.029023616137357024,0.008289534116155054,0.0008017909142931332,0.016160966526862105,0.00145860972411511,0.0026802841786919274
2007-03-13,-0.006561486616384575,-0.019758606675070785,-0.025163240716129527,-0.029824276465986347,-0.01581688877172595,-0.020368281609082217
2007-03-14,0.016816180987924225,0.003976210539357112,0.008510361459732121,0.0042311653156571274,0.0073649268426611925,0.006691166660731218
2007-03-15,-0.014624424193802622,0.0037608366664443347,-0.007413374690295282,-0.0004014576952482081,0.003089448950239643,0.003683748343518811
2007-03-16,-0.0038823908568905844,-0.004083261888179147,0.0015252460182389716,0.0002816679884233005,-0.006446127091702243,-0.003828308970065253
2007-03-19,0.01171235733535069,0.012495301581120666,0.015636970846253262,0.02521277804965227,0.017600854956705346,0.010894486429815275
2007-03-20,0.04412789097925882,0.005295849337062981,0.002831480627832083,0.0027247504030856228,0.007353925376112192,0.006333453947334089
2007-03-21,0.029776614546574733,0.009323721197767958,0.030573862524563494,0.011813755850735077,0.01629875778678893,0.017080881296924755
2007-03-22,-0.0024242315190854493,-0.0039345913566756,-0.0072911635509749825,0.006057017205727346,0.017573034270865213,-0.0003484223341437831
2007-03-23,0.010733628461957115,0.009241680863708279,-0.011774996769411697,-0.0048082909307348674,0.010426896514217465,0.001094390010953239
2007-03-26,-0.007360334091962131,-0.003933187731787489,0.001975471208630013,-0.007677029679217849,0.006058387689269581,0.0009679026415914116
2007-03-27,0.0035762870952762956,-0.004462596234778724,0.006327699243497625,-0.007808011312112091,-0.0019251992952610318,-0.006184358016304348
2007-03-28,-0.007219411756740931,-0.004657321741580293,-0.0017822084376051864,-0.00802885913217107,0.0011638240050212303,-0.00796578842336182
2007-03-29,-0.01569958678828917,-0.0019891989189784968,0.010972965111103499,-0.005078088339867419,0.012049984343382489,0.0037397238988494674
2007-03-30,-0.005714151322359705,0.0032356912593950655,-0.00044125053641574626,0.007775905696382004,-0.009309472561697736,-0.0011739955648866207
2007-04-02,0.01145321344112408,0.0014261484170935,0.013587407532939246,0.011970336275123757,0.009762144761202324,0.0025970634085028532
2007-04-03,0.0033794326589101408,0.01000489911256664,0.017794103977258804,0.00627188699092015,0.005715959042267383,0.009280102663995704
2007-04-04,0.01438284171382403,-0.002381739815648031,0.008640466942885327,-0.006261373987130881,0.0010902078346401163,0.0011128174632957233
2007-04-05,-0.013470385099103728,0.00901994962128224,0.003604101546592807,0.014141229497628197,0.0023681766804382336,0.003049955649575775
2007-04-09,-0.02653443741420108,0.00950187058457047,-0.00020413022320207595,-0.0023150145525766904,-0.005247507704248184,0.0005887235968500271
2007-04-10,0.0125273432193875,0.002734224830362283,0.0044774435154418145,0.006086411430724704,0.01531301333801325,0.0026166434783123638
2007-04-11,-0.013313090259468564,-0.004990836471352255,-0.005192488182870768,0.006118050443000601,-0.0032484136527689725,-0.006572828751212234
2007-04-12,-0.009053192845978723,0.004008666366769348,0.013311523845823514,-0.005408108167849931,0.012211932866525162,0.006206296427920366
2007-04-13,0.030747575503327122,0.014071469808897204,0.0023749348791650394,0.0016097081746510198,0.002304412555806756,0.0034880001295067853
2007-04-16,0.004111362161211038,0.016196198895931505,0.05804144666118683,0.01327139250833599,0.007908036305007006,0.010654906376349693
2007-04-17,0.00550372022880545,0.00880576588284252,-0.0022642809376554576,0.0034843160844157334,0.0031244248485541603,0.0021453110052500612
2007-04-18,-0.04961786460751286,-4.504192531757806e-05,-0.0016035039700004713,-0.00490647930353054,-0.0031528973925364257,0.0006931929382587576
2007-04-19,0.0005804019639141977,-0.006015843757465454,-0.006237940114724127,-0.01371969470973359,-0.009919744841516141,-0.0012020506154498678
2007-04-20,0.014664294412668786,-0.0006561076041658816,0.007773273214656141,0.008456449542000774,0.018990356747373597,0.009260704070808812
2007-04-23,-0.012264351586175408,0.002096669515397767,-0.0036541834449357264,0.0009169375980246024,-0.008023730210651631,-0.002303986210293818
2007-04-24,-0.0017586544579943934,-0.0009768860463348044,-0.0004689408101986265,0.0006225073230287576,-0.004499587053948993,-0.00035114388417389897
2007-04-25,0.016470070709378448,0.007754133112273625,0.23426289337971953,0.019873802687593756,0.01686572452759689,0.010139089454322958
2007-04-26,0.014237529026797558,0.009665768273942067,0.09199312979983544,0.0007152664358840439,-0.004330128541751103,-0.0007824182576994243
2007-04-27,0.0009774926892510583,-0.0003091284510730691,-7.151126326944182e-05,-0.006012788971310658,0.0018838078219106426,-0.000120497715199952
2007-04-30,-0.012143482316951398,-0.014989581479178168,-0.018634694977654437,-0.01586400276358425,-0.006248284265961409,-0.007830925989064319
2007-05-01,-0.0028032856913568003,0.018499097165584646,0.011184474359630792,0.004056240453497789,0.004051746478983735,0.002651196208694806
2007-05-02,0.011380636354303576,0.033010901181736434,-0.011246593393826864,0.0018696954615201908,0.00975664407716746,0.0064724448638566745
2007-05-03,0.0020604198448282113,-0.005254010898115262,0.015290552045571683,-0.001058582717308293,0.008817726577464467,0.004325077887225248
2007-05-04,0.01461958925944401,0.006433207021916842,0.013726777348857138,0.03029160295823582,-0.0015525273870350476,0.002149894792468965
2007-05-07,-0.0062342178268335,-0.004100397170949228,-0.031851155652836,-7.974918352127339e-05,0.002499964801259911,0.0025637181786113405
2007-05-08,0.006331084307425255,-0.00047919101849530215,0.014904416276830321,0.025223150226809998,-0.001517639925251264,-0.0011659709227004322
2007-05-09,-0.006464809868299118,0.006925288979369108,0.015199242723502053,-0.03303039837280228,-0.000371406822028232,0.0032234005292746115
2007-05-10,-0.01514991345322841,-0.003532996578403117,-0.027419957784301396,-0.018403252460904965,-0.017309869832891043,-0.013956277330703482
2007-05-11,-0.004674023222584275,0.00990788020392369,0.010403815022017177,-0.0006108900733810999,0.019504463789381917,0.00964149809602488
2007-05-14,-0.0074689930785799925,-0.0030269039955987034,0.001944296128844541,-0.015110665413918789,0.006675996393096523,-0.0017929748750863395
2007-05-15,-0.004721992101355848,0.002952213621620499,-0.016328239548699205,-0.014895796083857977,-0.001355533322618074,-0.0013039836183860176
2007-05-16,-0.00016332721098372642,0.011132305554653587,0.038738117177151025,0.006291977400205993,0.0006946571422912664,0.008626538777668946
2007-05-17,0.0022639653183417338,0.0029138976608611886,-0.014036558704269654,0.02668652679612562,0.011048507599629007,-0.000918022530934981
2007-05-18,0.003249149444192876,0.004008405857183897,0.015952326540126818,0.024956154353828537,0.020695567456213097,0.006610477607007059
2007-05-21,-0.010587948207786657,0.0013898722582759812,0.0691580795097395,-0.0009511620433786252,0.0012558212795633374,0.0015432445154737184
2007-05-22,0.03197455438499542,0.00631920407249102,0.007467723330616241,0.002561716153242432,-0.008351456477657384,-0.0006425680181219029
2007-05-23,-0.0013922759570510397,-0.013898721414313541,0.0007259431271475119,0.0023086578111309957,-0.0029559663954830187,-0.001207231600010017
2007-05-24,-0.023594283340517688,-0.006561266967715795,0.002270635453763776,-0.01856320255493023,-0.015358921982640163,-0.009702564079535403
2007-05-25,0.0030448031855552673,0.0013262708102813425,-0.008001803213895148,0.001986774209434834,0.014169697606513364,0.00545268067865301
2007-05-29,-0.03114186274045253,-0.0022842620906894004,0.014759504678142113,0.009778493680190292,-0.008528106272630153,0.0015702037391096546
2007-05-30,0.010673467680687054,-0.005436216332694949,0.004825136992880138,0.004197259374930455,0.012998840023696648,0.007983608061428171
2007-05-31,-0.007317645487998404,0.0068320919543186755,-0.009211037826195725,0.01127486608279771,-0.004855910911966631,0.00025487322390449485
2007-06-01,-0.007682892331383493,0.00770739612414463,-0.007571961762967622,-0.00016890144720098756,0.008938852394982285,0.0037370286036848555
2007-06-04,0.0004749010056855419,0.005072574989955138,0.024186633922215477,0.006258232202334508,0.0057919150742430075,0.0018486063981995038
2007-06-05,-0.006158397078430652,-0.005736076933290864,0.03983876080109827,-0.005334242746546477,-0.005176673428718852,-0.005347069382311664
2007-06-06,0.02055012708192348,-0.005766382047141331,-0.016884582842247368,-0.014286302280280464,-0.00941715986987054,-0.008863742592418067
2007-06-07,0.02209325347480757,-0.015337618906070428,-0.0047135370230797224,-0.024921254219075473,-0.016931200787315106,-0.017569780868271323
2007-06-08,-0.010702773988710959,0.01929340741767931,0.016033118256169016,0.0200007522030745,0.006114347676997766,0.011370393887050856
2007-06-11,-0.03626894965623209,0.0012948846806340127,-0.02546400836378076,-0.0020065155957902847,0.0039045463464940523,0.0009617165093236402
2007-06-12,-0.054251095813383256,-0.003929628888327752,-0.013665599701079306,-0.0014295483481913413,-0.011057691324815846,-0.010681718597158829
2007-06-13,-0.01724538863079506,0.013046621015234388,0.011193887718504637,0.0019469220507396755,0.01426499875978279,0.015184222334435615
2007-06-14,-0.002398217119810824,0.000276802362011972,0.013833231061461093,0.008412350663092533,0.022144517552072716,0.004816303381447451
2007-06-15,0.01992178294444899,0.0019202184822233361,0.006919413022323324,0.00930840734348788,0.012347840462403666,0.006526762620259197
2007-06-18,0.011132381027908325,-0.004069618301493682,-0.005457797097983132,-0.007656855057340418,0.003137385353236361,-0.0012133688932095543
2007-06-19,0.0021405854029082697,0.004371704826165385,-0.024812382047874237,0.023956938422978764,5.9434465337907646e-05,0.0017307744745367337
2007-06-20,-0.008070520314845118,-0.019143910394021517,-0.010563562617527245,-0.004224264927249869,-0.02063335216887006,-0.013601086272203244
2007-06-21,0.008010259412159272,-0.011041445065925203,0.008598700785713781,-0.0073158983988428905,0.01751229527729181,0.006180412864005502
2007-06-22,-0.01824532049014649,-0.010817727584401183,-0.012049321895339601,-0.010394343947277219,-0.01357740256752047,-0.012895816927002701
2007-06-25,-0.0006257782095352224,0.0066075810304685595,-0.0027725335218608577,-0.005360223882035316,0.007192134708743994,-0.0032079039581859314
2007-06-26,0.009234131360985949,0.0044142345249148646,-0.015365152676136135,-0.01181006371378443,-0.005111016496019777,-0.0032381959602871824
2007-06-27,0.032749521618921106,-0.0021690957433036805,0.01001832598549138,0.03060678104479554,0.010087571267368619,0.009009338290096647
2007-06-28,-0.031306325280014057,-0.0020936824268930343,0.009199071230927367,-0.002866540510066222,0.011687925902023314,-0.0004182355225962331
2007-06-29,-0.012298727487102703,0.0006673755464839743,-0.006765841820342232,0.02239560290819049,0.0068503043785726045,-0.0015673572021088766
